{"cameraMode":{"drawMode":0,"name":"Shaded","section":"Shading Mode"},"sceneLighting":true,"audioPlay":false,"sceneViewState":{"m_AlwaysRefresh":false,"showFog":true,"showSkybox":true,"showFlares":true,"showImageEffects":true,"showParticleSystems":true,"showVisualEffectGraphs":true,"m_FxEnabled":true},"in2DMode":false,"pivot":{"x":835.5164184570313,"y":33.15773391723633,"z":565.8876342773438},"rotation":{"x":0.12492460012435913,"y":-0.41470760107040408,"z":0.05759575963020325,"w":0.8994967937469482},"size":0.9257504343986511,"orthographic":false}